Detector Part,Silicon Absorption Probability,Mount Absorption Probability,Average eta Phonon,Standard Deviation
Inductor,0.001,0,1.27747,0.883902
Silicon,0.001,0,55.0782,1.4597
Capacitor,0.001,0,0.538399,0.519653
Feedline,0.001,0,3.09186,1.10825
Mount,0.001,0,0,0
Inductor,0.003,0,0.95732,0.895894
Silicon,0.003,0,57.0746,1.36202
Capacitor,0.003,0,0.248105,0.401755
Feedline,0.003,0,1.71307,0.978459
Mount,0.003,0,0,0
Inductor,0.005,0,1.1281,0.928731
Silicon,0.005,0,57.2817,1.3328
Capacitor,0.005,0,0.421849,0.621414
Feedline,0.005,0,1.163,0.78159
Mount,0.005,0,0,0
Inductor,0.007,0,1.04673,0.923022
Silicon,0.007,0,57.4587,1.40149
Capacitor,0.007,0,0.301747,0.523094
Feedline,0.007,0,1.1886,1.15881
Mount,0.007,0,0,0
Inductor,0.009,0,0.707102,0.793249
Silicon,0.009,0,58.2197,1.13597
Capacitor,0.009,0,0.136111,0.348135
Feedline,0.009,0,0.933304,0.688987
Mount,0.009,0,0,0
Inductor,0.011,0,0.791384,0.837083
Silicon,0.011,0,58.1883,1.21674
Capacitor,0.011,0,0.265865,0.466216
Feedline,0.011,0,0.75072,0.703783
Mount,0.011,0,0,0
Inductor,0.001,0.02,1.43333,0.914567
Silicon,0.001,0.02,51.7606,1.62315
Capacitor,0.001,0.02,0.52313,0.516526
Feedline,0.001,0.02,3.13477,1.13081
Mount,0.001,0.02,3.13757,1.1442
Inductor,0.003,0.02,1.18964,1.08969
Silicon,0.003,0.02,56.1169,1.56692
Capacitor,0.003,0.02,0.28992,0.479199
Feedline,0.003,0.02,1.44591,0.895979
Mount,0.003,0.02,0.951565,0.55778
Inductor,0.005,0.02,1.02073,0.753978
Silicon,0.005,0.02,56.7872,1.32827
Capacitor,0.005,0.02,0.179946,0.330022
Feedline,0.005,0.02,1.37011,0.854583
Mount,0.005,0.02,0.634008,0.535702
Inductor,0.007,0.02,0.628954,0.732523
Silicon,0.007,0.02,57.7918,1.26403
Capacitor,0.007,0.02,0.353608,0.474394
Feedline,0.007,0.02,0.931399,0.841316
Mount,0.007,0.02,0.293009,0.323903
Inductor,0.009,0.02,0.785594,0.861092
Silicon,0.009,0.02,57.8327,1.19243
Capacitor,0.009,0.02,0.151822,0.284104
Feedline,0.009,0.02,0.990322,0.783939
Mount,0.009,0.02,0.235683,0.273866
Inductor,0.011,0.02,0.768115,0.772776
Silicon,0.011,0.02,58.0341,1.12648
Capacitor,0.011,0.02,0.165479,0.349744
Feedline,0.011,0.02,0.91288,0.843207
Mount,0.011,0.02,0.11872,0.179233
Inductor,0.001,0.04,1.11513,0.785207
Silicon,0.001,0.04,49.6863,1.79842
Capacitor,0.001,0.04,0.486387,0.566542
Feedline,0.001,0.04,2.82785,1.37301
Mount,0.001,0.04,5.87377,1.16577
Inductor,0.003,0.04,1.00552,0.74963
Silicon,0.003,0.04,55.3699,1.53082
Capacitor,0.003,0.04,0.358838,0.489349
Feedline,0.003,0.04,1.55017,0.937568
Mount,0.003,0.04,1.70984,0.792947
Inductor,0.005,0.04,0.964982,1.09454
Silicon,0.005,0.04,56.7219,1.51253
Capacitor,0.005,0.04,0.289358,0.537828
Feedline,0.005,0.04,1.15263,0.822794
Mount,0.005,0.04,0.865951,0.485681
Inductor,0.007,0.04,0.843652,0.784524
Silicon,0.007,0.04,57.2049,1.33251
Capacitor,0.007,0.04,0.20698,0.343302
Feedline,0.007,0.04,1.19653,0.862928
Mount,0.007,0.04,0.546492,0.424531
Inductor,0.009,0.04,0.957422,1.03301
Silicon,0.009,0.04,57.5386,1.55457
Capacitor,0.009,0.04,0.200572,0.394962
Feedline,0.009,0.04,0.890448,0.888174
Mount,0.009,0.04,0.411886,0.401113
Inductor,0.011,0.04,0.668223,0.719073
Silicon,0.011,0.04,57.9273,1.44883
Capacitor,0.011,0.04,0.173904,0.418362
Feedline,0.011,0.04,0.889431,0.912104
Mount,0.011,0.04,0.338387,0.36352
Inductor,0.001,0.06,1.47822,0.921391
Silicon,0.001,0.06,47.3437,1.99912
Capacitor,0.001,0.06,0.414966,0.469727
Feedline,0.001,0.06,2.95172,1.2122
Mount,0.001,0.06,7.80105,1.4221
Inductor,0.003,0.06,0.944304,0.833292
Silicon,0.003,0.06,54.4796,1.44126
Capacitor,0.003,0.06,0.349775,0.372766
Feedline,0.003,0.06,1.9359,1.13483
Mount,0.003,0.06,2.28245,0.851072
Inductor,0.005,0.06,0.893628,0.83596
Silicon,0.005,0.06,56.4236,1.63685
Capacitor,0.005,0.06,0.215235,0.390327
Feedline,0.005,0.06,1.19555,0.997343
Mount,0.005,0.06,1.26785,0.783698
Inductor,0.007,0.06,1.12771,0.89743
Silicon,0.007,0.06,56.9275,1.49146
Capacitor,0.007,0.06,0.113601,0.287939
Feedline,0.007,0.06,1.13007,0.751633
Mount,0.007,0.06,0.698282,0.564949
Inductor,0.009,0.06,0.901096,0.987133
Silicon,0.009,0.06,56.9391,1.68514
Capacitor,0.009,0.06,0.399196,0.518816
Feedline,0.009,0.06,1.19713,1.15214
Mount,0.009,0.06,0.561509,0.512083
Inductor,0.011,0.06,0.756835,0.7614
Silicon,0.011,0.06,57.7188,1.35109
Capacitor,0.011,0.06,0.216466,0.382143
Feedline,0.011,0.06,0.943416,0.939049
Mount,0.011,0.06,0.361032,0.390616
Inductor,0.001,0.08,1.35128,0.981147
Silicon,0.001,0.08,45.7401,2.12482
Capacitor,0.001,0.08,0.473511,0.443184
Feedline,0.001,0.08,2.58644,0.903138
Mount,0.001,0.08,9.83405,1.6717
Inductor,0.003,0.08,0.954955,0.801185
Silicon,0.003,0.08,53.9972,1.46112
Capacitor,0.003,0.08,0.360774,0.44465
Feedline,0.003,0.08,1.6067,0.869468
Mount,0.003,0.08,3.07337,0.959525
Inductor,0.005,0.08,0.851456,1.00236
Silicon,0.005,0.08,55.9213,1.39951
Capacitor,0.005,0.08,0.331305,0.474237
Feedline,0.005,0.08,1.20458,0.829172
Mount,0.005,0.08,1.6898,0.606447
Inductor,0.007,0.08,0.747377,0.718501
Silicon,0.007,0.08,56.7937,1.15944
Capacitor,0.007,0.08,0.202115,0.338712
Feedline,0.007,0.08,1.2062,0.854227
Mount,0.007,0.08,1.04843,0.682419
Inductor,0.009,0.08,0.783739,0.9763
Silicon,0.009,0.08,57.2954,1.42031
Capacitor,0.009,0.08,0.211098,0.387996
Feedline,0.009,0.08,1.06979,0.873413
Mount,0.009,0.08,0.637878,0.495556
Inductor,0.011,0.08,0.909179,0.926299
Silicon,0.011,0.08,57.2437,1.54108
Capacitor,0.011,0.08,0.136737,0.317
Feedline,0.011,0.08,1.2228,1.00406
Mount,0.011,0.08,0.485942,0.535199
Inductor,0.001,0.1,1.31832,1.08312
Silicon,0.001,0.1,43.8339,2.07778
Capacitor,0.001,0.1,0.451283,0.514179
Feedline,0.001,0.1,2.78004,1.09095
Mount,0.001,0.1,11.6052,1.82182
Inductor,0.003,0.1,1.16615,1.05047
Silicon,0.003,0.1,53.3523,1.76432
Capacitor,0.003,0.1,0.438615,0.476342
Feedline,0.003,0.1,1.28217,0.834438
Mount,0.003,0.1,3.75896,1.16814
Inductor,0.005,0.1,1.03267,0.912824
Silicon,0.005,0.1,55.4178,1.3926
Capacitor,0.005,0.1,0.333692,0.493521
Feedline,0.005,0.1,1.17127,0.84213
Mount,0.005,0.1,2.03935,0.791656
Inductor,0.007,0.1,0.862794,0.9058
Silicon,0.007,0.1,56.5069,1.49314
Capacitor,0.007,0.1,0.18531,0.36522
Feedline,0.007,0.1,1.17065,1.04278
Mount,0.007,0.1,1.27167,0.771953
Inductor,0.009,0.1,0.654644,0.793627
Silicon,0.009,0.1,57.2542,1.33324
Capacitor,0.009,0.1,0.186042,0.317874
Feedline,0.009,0.1,1.01833,0.848263
Mount,0.009,0.1,0.885341,0.469959
Inductor,0.011,0.1,0.881318,0.944555
Silicon,0.011,0.1,57.2709,1.24404
Capacitor,0.011,0.1,0.268406,0.422739
Feedline,0.011,0.1,0.898796,0.81354
Mount,0.011,0.1,0.677141,0.597702
Inductor,0.001,0.12,1.17678,0.930767
Silicon,0.001,0.12,42.6686,1.92013
Capacitor,0.001,0.12,0.547622,0.551329
Feedline,0.001,0.12,2.53993,1.0506
Mount,0.001,0.12,13.0527,1.73445
Inductor,0.003,0.12,0.881179,0.714442
Silicon,0.003,0.12,52.631,1.96604
Capacitor,0.003,0.12,0.439826,0.48592
Feedline,0.003,0.12,1.64756,1.11938
Mount,0.003,0.12,4.39592,1.12806
Inductor,0.005,0.12,1.07374,0.918759
Silicon,0.005,0.12,55.1322,1.21772
Capacitor,0.005,0.12,0.346473,0.423823
Feedline,0.005,0.12,1.18479,0.880562
Mount,0.005,0.12,2.2608,0.78781
Inductor,0.007,0.12,1.01936,0.96025
Silicon,0.007,0.12,56.3281,1.41657
Capacitor,0.007,0.12,0.171579,0.343907
Feedline,0.007,0.12,1.06188,0.988181
Mount,0.007,0.12,1.41647,0.63921
Inductor,0.009,0.12,0.800012,0.763033
Silicon,0.009,0.12,56.7682,1.57843
Capacitor,0.009,0.12,0.293231,0.479345
Feedline,0.009,0.12,1.16015,1.15996
Mount,0.009,0.12,0.978449,0.704961
Inductor,0.011,0.12,0.82528,0.92567
Silicon,0.011,0.12,57.2917,1.3642
Capacitor,0.011,0.12,0.234814,0.466266
Feedline,0.011,0.12,0.894603,0.861261
Mount,0.011,0.12,0.75036,0.475017
Inductor,0.001,0.14,1.25118,1.02112
Silicon,0.001,0.14,41.6397,2.54283
Capacitor,0.001,0.14,0.374805,0.424573
Feedline,0.001,0.14,2.66978,0.976516
Mount,0.001,0.14,14.0565,1.92762
Inductor,0.003,0.14,1.13007,1.05312
Silicon,0.003,0.14,52.1786,1.84873
Capacitor,0.003,0.14,0.373892,0.429935
Feedline,0.003,0.14,1.3063,0.869596
Mount,0.003,0.14,5.00642,1.20571
Inductor,0.005,0.14,1.10211,1.03022
Silicon,0.005,0.14,54.9399,1.70273
Capacitor,0.005,0.14,0.339135,0.464607
Feedline,0.005,0.14,1.16051,0.954594
Mount,0.005,0.14,2.45627,1.02701
Inductor,0.007,0.14,1.02456,0.867006
Silicon,0.007,0.14,56.0223,1.34831
Capacitor,0.007,0.14,0.265337,0.509151
Feedline,0.007,0.14,0.989935,0.812481
Mount,0.007,0.14,1.69589,0.651202
Inductor,0.009,0.14,0.862974,0.911506
Silicon,0.009,0.14,56.6587,1.25976
Capacitor,0.009,0.14,0.245393,0.45994
Feedline,0.009,0.14,1.09491,0.868118
Mount,0.009,0.14,1.13467,0.620421
Inductor,0.011,0.14,0.957556,1.05122
Silicon,0.011,0.14,57.2677,1.38636
Capacitor,0.011,0.14,0.205219,0.422822
Feedline,0.011,0.14,0.773159,0.829668
Mount,0.011,0.14,0.794864,0.565576
Inductor,0.001,0.16,1.48501,0.98078
Silicon,0.001,0.16,40.7013,1.98682
Capacitor,0.001,0.16,0.454848,0.504314
Feedline,0.001,0.16,2.60611,1.01413
Mount,0.001,0.16,14.7414,1.95376
Inductor,0.003,0.16,1.07009,0.963943
Silicon,0.003,0.16,52.0307,1.99957
Capacitor,0.003,0.16,0.200339,0.338046
Feedline,0.003,0.16,1.26694,0.94134
Mount,0.003,0.16,5.42639,1.54274
Inductor,0.005,0.16,1.14463,1.07388
Silicon,0.005,0.16,54.4598,1.93526
Capacitor,0.005,0.16,0.187374,0.35128
Feedline,0.005,0.16,1.23216,0.825255
Mount,0.005,0.16,2.96994,1.26223
Inductor,0.007,0.16,1.11833,0.917376
Silicon,0.007,0.16,55.6143,1.38451
Capacitor,0.007,0.16,0.299071,0.446429
Feedline,0.007,0.16,1.10164,0.936083
Mount,0.007,0.16,1.86394,0.79939
Inductor,0.009,0.16,0.861452,0.907464
Silicon,0.009,0.16,56.9414,1.43887
Capacitor,0.009,0.16,0.287469,0.50812
Feedline,0.009,0.16,0.837197,0.759596
Mount,0.009,0.16,1.07045,0.639773
Inductor,0.011,0.16,0.80346,0.707189
Silicon,0.011,0.16,56.9935,1.2121
Capacitor,0.011,0.16,0.267415,0.455304
Feedline,0.011,0.16,0.911973,0.841853
Mount,0.011,0.16,1.02137,0.533745
Inductor,0.001,0.18,1.1501,1.00546
Silicon,0.001,0.18,40.0281,2.34503
Capacitor,0.001,0.18,0.292623,0.381415
Feedline,0.001,0.18,2.43835,1.22108
Mount,0.001,0.18,16.0836,1.96378
Inductor,0.003,0.18,1.26766,1.09543
Silicon,0.003,0.18,51.5623,1.99916
Capacitor,0.003,0.18,0.256797,0.437306
Feedline,0.003,0.18,1.31443,0.963793
Mount,0.003,0.18,5.5951,1.50785
Inductor,0.005,0.18,0.919997,0.771582
Silicon,0.005,0.18,54.4528,1.80734
Capacitor,0.005,0.18,0.216967,0.431862
Feedline,0.005,0.18,1.15217,0.9222
Mount,0.005,0.18,3.25255,1.02808
Inductor,0.007,0.18,1.07252,1.09516
Silicon,0.007,0.18,55.6083,1.52905
Capacitor,0.007,0.18,0.280797,0.395418
Feedline,0.007,0.18,1.10587,0.917407
Mount,0.007,0.18,1.92845,0.87495
Inductor,0.009,0.18,0.890205,0.921854
Silicon,0.009,0.18,56.5647,1.52736
Capacitor,0.009,0.18,0.325167,0.469565
Feedline,0.009,0.18,0.905403,0.972432
Mount,0.009,0.18,1.31257,0.662243
Inductor,0.011,0.18,0.648067,0.670071
Silicon,0.011,0.18,57.4496,1.37139
Capacitor,0.011,0.18,0.212884,0.415222
Feedline,0.011,0.18,0.75075,0.890178
Mount,0.011,0.18,0.935772,0.666685
Inductor,0.001,0.2,1.15382,0.862128
Silicon,0.001,0.2,39.7944,2.20167
Capacitor,0.001,0.2,0.423433,0.478725
Feedline,0.001,0.2,2.37781,0.971501
Mount,0.001,0.2,16.2414,2.00313
Inductor,0.003,0.2,1.0134,1.00506
Silicon,0.003,0.2,51.1238,2.14664
Capacitor,0.003,0.2,0.253963,0.384568
Feedline,0.003,0.2,1.51934,1.21262
Mount,0.003,0.2,6.08591,1.43555
Inductor,0.005,0.2,1.00205,0.778448
Silicon,0.005,0.2,54.3614,1.85199
Capacitor,0.005,0.2,0.318935,0.478698
Feedline,0.005,0.2,1.12747,1.059
Mount,0.005,0.2,3.18693,1.12793
Inductor,0.007,0.2,1.0587,0.941142
Silicon,0.007,0.2,55.7345,1.413
Capacitor,0.007,0.2,0.236494,0.345059
Feedline,0.007,0.2,0.890543,0.714665
Mount,0.007,0.2,2.07466,0.858567
Inductor,0.009,0.2,0.937278,0.859006
Silicon,0.009,0.2,56.3891,1.61468
Capacitor,0.009,0.2,0.350988,0.492568
Feedline,0.009,0.2,1.00631,1.0397
Mount,0.009,0.2,1.31578,0.676524
Inductor,0.011,0.2,0.977375,1.07534
Silicon,0.011,0.2,56.6535,1.47112
Capacitor,0.011,0.2,0.243522,0.484528
Feedline,0.011,0.2,0.963591,0.971693
Mount,0.011,0.2,1.16049,0.807383
Inductor,0.001,0.22,1.30262,0.95808
Silicon,0.001,0.22,38.3424,2.44203
Capacitor,0.001,0.22,0.286008,0.408614
Feedline,0.001,0.22,2.07674,1.06845
Mount,0.001,0.22,17.9793,2.4402
Inductor,0.003,0.22,1.0827,0.936376
Silicon,0.003,0.22,51.0919,2.07075
Capacitor,0.003,0.22,0.299307,0.419815
Feedline,0.003,0.22,1.28473,0.997064
Mount,0.003,0.22,6.23406,1.59864
Inductor,0.005,0.22,0.828821,0.905228
Silicon,0.005,0.22,54.4217,1.6347
Capacitor,0.005,0.22,0.277799,0.439575
Feedline,0.005,0.22,0.838013,0.687185
Mount,0.005,0.22,3.62867,1.06031
Inductor,0.007,0.22,0.825481,0.90593
Silicon,0.007,0.22,55.7258,1.54812
Capacitor,0.007,0.22,0.285776,0.456354
Feedline,0.007,0.22,1.00497,0.785857
Mount,0.007,0.22,2.1553,1.0135
Inductor,0.009,0.22,1.08698,0.931687
Silicon,0.009,0.22,55.8912,1.70162
Capacitor,0.009,0.22,0.299711,0.451092
Feedline,0.009,0.22,1.13504,1.08046
Mount,0.009,0.22,1.58424,0.739686
Inductor,0.011,0.22,0.811559,0.871025
Silicon,0.011,0.22,56.984,1.60779
Capacitor,0.011,0.22,0.238378,0.485209
Feedline,0.011,0.22,0.873598,0.812477
Mount,0.011,0.22,1.0885,0.580845
Inductor,0.001,0.24,1.10148,0.816842
Silicon,0.001,0.24,38.1345,2.36858
Capacitor,0.001,0.24,0.394472,0.527613
Feedline,0.001,0.24,2.41709,1.1702
Mount,0.001,0.24,17.9437,2.02237
Inductor,0.003,0.24,1.10313,0.963771
Silicon,0.003,0.24,50.2531,2.08215
Capacitor,0.003,0.24,0.392266,0.474745
Feedline,0.003,0.24,1.35328,0.997726
Mount,0.003,0.24,6.89504,1.61313
Inductor,0.005,0.24,0.828067,0.806994
Silicon,0.005,0.24,53.91,1.80539
Capacitor,0.005,0.24,0.221724,0.372085
Feedline,0.005,0.24,1.27116,1.10086
Mount,0.005,0.24,3.76705,1.40096
Inductor,0.007,0.24,0.872149,1.06259
Silicon,0.007,0.24,55.4229,1.76333
Capacitor,0.007,0.24,0.233139,0.423643
Feedline,0.007,0.24,1.31423,0.953527
Mount,0.007,0.24,2.1559,0.843483
Inductor,0.009,0.24,0.814905,1.03541
Silicon,0.009,0.24,56.3414,1.47619
Capacitor,0.009,0.24,0.224934,0.357512
Feedline,0.009,0.24,1.00754,0.858813
Mount,0.009,0.24,1.60845,0.615807
Inductor,0.011,0.24,0.830392,0.92361
Silicon,0.011,0.24,56.9412,1.44586
Capacitor,0.011,0.24,0.264979,0.437101
Feedline,0.011,0.24,0.830448,0.831419
Mount,0.011,0.24,1.1291,0.581481
Inductor,0.001,0.26,1.00632,0.783472
Silicon,0.001,0.26,37.2201,2.56919
Capacitor,0.001,0.26,0.426392,0.577676
Feedline,0.001,0.26,2.40903,1.004
Mount,0.001,0.26,18.9283,2.48787
Inductor,0.003,0.26,1.07794,1.09593
Silicon,0.003,0.26,50.0785,2.04041
Capacitor,0.003,0.26,0.271969,0.464069
Feedline,0.003,0.26,1.39071,0.907038
Mount,0.003,0.26,7.17799,1.62952
Inductor,0.005,0.26,1.09163,0.949267
Silicon,0.005,0.26,53.3904,1.83342
Capacitor,0.005,0.26,0.27826,0.410271
Feedline,0.005,0.26,1.22286,0.957619
Mount,0.005,0.26,4.01339,1.14097
Inductor,0.007,0.26,0.96526,0.945605
Silicon,0.007,0.26,55.1569,1.51219
Capacitor,0.007,0.26,0.31299,0.526557
Feedline,0.007,0.26,1.04671,0.883653
Mount,0.007,0.26,2.51646,0.851594
Inductor,0.009,0.26,0.796426,0.773185
Silicon,0.009,0.26,55.9043,1.48229
Capacitor,0.009,0.26,0.224709,0.381707
Feedline,0.009,0.26,1.24904,1.07532
Mount,0.009,0.26,1.82318,0.712123
Inductor,0.011,0.26,0.839342,0.867774
Silicon,0.011,0.26,56.8742,1.13404
Capacitor,0.011,0.26,0.170984,0.360352
Feedline,0.011,0.26,0.924632,0.842036
Mount,0.011,0.26,1.18761,0.648307
Inductor,0.001,0.28,1.16577,0.76123
Silicon,0.001,0.28,36.0519,2.24866
Capacitor,0.001,0.28,0.524294,0.538633
Feedline,0.001,0.28,2.47161,1.27717
Mount,0.001,0.28,19.7755,2.04219
Inductor,0.003,0.28,0.732658,0.703968
Silicon,0.003,0.28,49.8142,1.76959
Capacitor,0.003,0.28,0.347688,0.444397
Feedline,0.003,0.28,1.56468,0.803931
Mount,0.003,0.28,7.53568,1.29829
Inductor,0.005,0.28,0.928821,0.827125
Silicon,0.005,0.28,53.7689,1.7671
Capacitor,0.005,0.28,0.323895,0.453001
Feedline,0.005,0.28,1.18164,0.839879
Mount,0.005,0.28,3.79131,1.15415
Inductor,0.007,0.28,0.984571,0.932712
Silicon,0.007,0.28,54.9812,1.65995
Capacitor,0.007,0.28,0.134931,0.289499
Feedline,0.007,0.28,1.22418,0.952361
Mount,0.007,0.28,2.67401,0.97175
Inductor,0.009,0.28,0.990329,0.864151
Silicon,0.009,0.28,55.7786,1.33772
Capacitor,0.009,0.28,0.241046,0.407259
Feedline,0.009,0.28,1.0616,0.960715
Mount,0.009,0.28,1.92607,0.771451
Inductor,0.011,0.28,0.690104,0.810564
Silicon,0.011,0.28,56.9071,1.18352
Capacitor,0.011,0.28,0.235602,0.424413
Feedline,0.011,0.28,0.859048,0.918302
Mount,0.011,0.28,1.30527,0.643792
Inductor,0.001,0.3,1.32197,0.977774
Silicon,0.001,0.3,35.7277,2.18285
Capacitor,0.001,0.3,0.519232,0.503467
Feedline,0.001,0.3,2.30175,0.986976
Mount,0.001,0.3,20.1167,2.0091
Inductor,0.003,0.3,1.08344,1.05088
Silicon,0.003,0.3,49.0232,1.82547
Capacitor,0.003,0.3,0.343107,0.389551
Feedline,0.003,0.3,1.46929,0.828605
Mount,0.003,0.3,8.07626,1.73085
Inductor,0.005,0.3,0.922815,0.888156
Silicon,0.005,0.3,53.158,1.71276
Capacitor,0.005,0.3,0.31701,0.414823
Feedline,0.005,0.3,1.1684,0.740461
Mount,0.005,0.3,4.42948,1.43385
Inductor,0.007,0.3,1.04667,0.791561
Silicon,0.007,0.3,55.0597,1.45588
Capacitor,0.007,0.3,0.118823,0.258182
Feedline,0.007,0.3,0.997485,0.919752
Mount,0.007,0.3,2.77514,1.01498
Inductor,0.009,0.3,0.765494,0.737874
Silicon,0.009,0.3,56.1846,1.45532
Capacitor,0.009,0.3,0.268254,0.450804
Feedline,0.009,0.3,0.878786,0.82425
Mount,0.009,0.3,1.90056,0.804917
Inductor,0.011,0.3,0.800497,0.884763
Silicon,0.011,0.3,56.916,1.3161
Capacitor,0.011,0.3,0.204023,0.362959
Feedline,0.011,0.3,0.823996,0.988779
Mount,0.011,0.3,1.25316,0.560125
Inductor,0.001,0.32,1.19261,1.01705
Silicon,0.001,0.32,35.0935,1.99387
Capacitor,0.001,0.32,0.364404,0.397806
Feedline,0.001,0.32,2.40102,1.20087
Mount,0.001,0.32,20.9336,1.92519
Inductor,0.003,0.32,0.856585,0.835386
Silicon,0.003,0.32,49.3952,1.90362
Capacitor,0.003,0.32,0.26521,0.434279
Feedline,0.003,0.32,1.48685,0.990405
Mount,0.003,0.32,7.99138,1.64299
Inductor,0.005,0.32,1.03254,0.787921
Silicon,0.005,0.32,52.8681,1.80366
Capacitor,0.005,0.32,0.340483,0.541569
Feedline,0.005,0.32,1.30842,0.927576
Mount,0.005,0.32,4.44641,1.18637
Inductor,0.007,0.32,0.896036,0.717857
Silicon,0.007,0.32,55.109,1.57212
Capacitor,0.007,0.32,0.137759,0.425032
Feedline,0.007,0.32,0.875852,0.822816
Mount,0.007,0.32,2.98026,1.06308
Inductor,0.009,0.32,0.883312,0.87769
Silicon,0.009,0.32,55.6773,1.73926
Capacitor,0.009,0.32,0.30855,0.456844
Feedline,0.009,0.32,1.08849,0.962817
Mount,0.009,0.32,2.0412,0.926456
Inductor,0.011,0.32,1.13628,0.877204
Silicon,0.011,0.32,56.4444,1.4828
Capacitor,0.011,0.32,0.354501,0.46577
Feedline,0.011,0.32,0.702167,0.772193
Mount,0.011,0.32,1.36233,0.689379
Inductor,0.001,0.34,1.0896,0.948356
Silicon,0.001,0.34,35.0641,2.61002
Capacitor,0.001,0.34,0.437693,0.561178
Feedline,0.001,0.34,2.5022,1.06085
Mount,0.001,0.34,20.8927,2.29519
Inductor,0.003,0.34,1.09368,0.86049
Silicon,0.003,0.34,48.7904,2.07225
Capacitor,0.003,0.34,0.348128,0.471701
Feedline,0.003,0.34,1.42239,0.977963
Mount,0.003,0.34,8.34391,1.96904
Inductor,0.005,0.34,0.883099,0.925663
Silicon,0.005,0.34,53.2846,1.77023
Capacitor,0.005,0.34,0.209936,0.396755
Feedline,0.005,0.34,1.16589,0.97424
Mount,0.005,0.34,4.45375,1.19764
Inductor,0.007,0.34,1.0705,0.937087
Silicon,0.007,0.34,54.4351,1.66613
Capacitor,0.007,0.34,0.219876,0.430367
Feedline,0.007,0.34,1.01403,0.784
Mount,0.007,0.34,3.25889,1.07121
Inductor,0.009,0.34,1.21139,1.259
Silicon,0.009,0.34,55.6197,1.51322
Capacitor,0.009,0.34,0.369052,0.538538
Feedline,0.009,0.34,0.802657,0.746752
Mount,0.009,0.34,1.99455,0.824495
Inductor,0.011,0.34,0.653427,0.731841
Silicon,0.011,0.34,56.7458,1.33915
Capacitor,0.011,0.34,0.296461,0.474018
Feedline,0.011,0.34,0.901873,0.859128
Mount,0.011,0.34,1.40208,0.801743
Inductor,0.001,0.36,1.14426,0.925245
Silicon,0.001,0.36,34.181,2.41451
Capacitor,0.001,0.36,0.444741,0.578085
Feedline,0.001,0.36,2.20181,1.16435
Mount,0.001,0.36,22.0203,2.35046
Inductor,0.003,0.36,1.05094,0.902252
Silicon,0.003,0.36,48.8457,2.03428
Capacitor,0.003,0.36,0.227882,0.379057
Feedline,0.003,0.36,1.3024,0.912865
Mount,0.003,0.36,8.56636,1.7785
Inductor,0.005,0.36,0.831692,0.864506
Silicon,0.005,0.36,53.0559,2.11849
Capacitor,0.005,0.36,0.288515,0.487067
Feedline,0.005,0.36,1.23414,0.848823
Mount,0.005,0.36,4.58544,1.4402
Inductor,0.007,0.36,0.952871,0.833632
Silicon,0.007,0.36,54.5958,1.68164
Capacitor,0.007,0.36,0.270731,0.429147
Feedline,0.007,0.36,1.15551,0.742431
Mount,0.007,0.36,3.02173,1.00491
Inductor,0.009,0.36,0.931966,0.748506
Silicon,0.009,0.36,55.6753,1.59978
Capacitor,0.009,0.36,0.262661,0.497491
Feedline,0.009,0.36,0.936951,0.880734
Mount,0.009,0.36,2.18994,1.04711
Inductor,0.011,0.36,0.824761,0.910145
Silicon,0.011,0.36,56.3078,1.3891
Capacitor,0.011,0.36,0.167543,0.328191
Feedline,0.011,0.36,1.12484,1.06204
Mount,0.011,0.36,1.56998,0.726593
Inductor,0.001,0.38,1.27082,1.05981
Silicon,0.001,0.38,34.1247,2.73951
Capacitor,0.001,0.38,0.447245,0.448835
Feedline,0.001,0.38,2.4671,1.25783
Mount,0.001,0.38,21.6752,2.40232
Inductor,0.003,0.38,0.987588,0.821787
Silicon,0.003,0.38,48.2327,1.8876
Capacitor,0.003,0.38,0.210544,0.377615
Feedline,0.003,0.38,1.35263,0.95665
Mount,0.003,0.38,9.20882,1.53762
Inductor,0.005,0.38,0.883387,0.929546
Silicon,0.005,0.38,52.6425,1.88814
Capacitor,0.005,0.38,0.201394,0.365528
Feedline,0.005,0.38,1.07442,0.848735
Mount,0.005,0.38,5.19652,1.36877
Inductor,0.007,0.38,0.893138,1.16652
Silicon,0.007,0.38,54.6847,1.64641
Capacitor,0.007,0.38,0.292656,0.441255
Feedline,0.007,0.38,0.98483,0.744877
Mount,0.007,0.38,3.14032,0.969947
Inductor,0.009,0.38,1.01053,0.87112
Silicon,0.009,0.38,55.8069,1.49403
Capacitor,0.009,0.38,0.30606,0.475685
Feedline,0.009,0.38,0.882957,0.848439
Mount,0.009,0.38,1.98963,0.910874
Inductor,0.011,0.38,0.805964,0.84335
Silicon,0.011,0.38,56.674,1.50817
Capacitor,0.011,0.38,0.183126,0.359152
Feedline,0.011,0.38,0.65679,0.74699
Mount,0.011,0.38,1.6777,0.729319
Inductor,0.001,0.4,1.28456,1.0257
Silicon,0.001,0.4,33.7702,2.58309
Capacitor,0.001,0.4,0.324485,0.412722
Feedline,0.001,0.4,2.44251,1.03928
Mount,0.001,0.4,22.1712,2.49315
Inductor,0.003,0.4,1.10159,1.06325
Silicon,0.003,0.4,48.4431,1.69777
Capacitor,0.003,0.4,0.268745,0.379217
Feedline,0.003,0.4,1.43765,0.972168
Mount,0.003,0.4,8.74131,1.48528
Inductor,0.005,0.4,1.13814,0.918229
Silicon,0.005,0.4,52.0507,1.55769
Capacitor,0.005,0.4,0.259625,0.450919
Feedline,0.005,0.4,1.19994,0.738846
Mount,0.005,0.4,5.34701,1.25642
Inductor,0.007,0.4,1.04027,0.868885
Silicon,0.007,0.4,54.3563,1.50515
Capacitor,0.007,0.4,0.291595,0.434118
Feedline,0.007,0.4,1.0401,0.797205
Mount,0.007,0.4,3.26944,0.96878
Inductor,0.009,0.4,0.796034,0.924757
Silicon,0.009,0.4,55.5544,1.72893
Capacitor,0.009,0.4,0.215658,0.420761
Feedline,0.009,0.4,0.915758,0.856183
Mount,0.009,0.4,2.51256,1.08867
Inductor,0.011,0.4,0.994463,1.06134
Silicon,0.011,0.4,56.1727,1.6357
Capacitor,0.011,0.4,0.244675,0.468476
Feedline,0.011,0.4,0.774904,0.932441
Mount,0.011,0.4,1.81241,0.643666
Inductor,0.001,0.42,1.21861,0.825345
Silicon,0.001,0.42,32.8411,2.08658
Capacitor,0.001,0.42,0.37925,0.538526
Feedline,0.001,0.42,2.27518,1.00363
Mount,0.001,0.42,23.2802,2.23876
Inductor,0.003,0.42,1.15748,1.02325
Silicon,0.003,0.42,48.2125,2.16797
Capacitor,0.003,0.42,0.321097,0.393067
Feedline,0.003,0.42,1.46699,0.978784
Mount,0.003,0.42,8.83694,1.73515
Inductor,0.005,0.42,0.906942,0.7548
Silicon,0.005,0.42,52.3976,1.66602
Capacitor,0.005,0.42,0.382398,0.48271
Feedline,0.005,0.42,1.10791,0.80147
Mount,0.005,0.42,5.2016,1.3299
Inductor,0.007,0.42,0.913217,0.845234
Silicon,0.007,0.42,54.3589,1.33661
Capacitor,0.007,0.42,0.247915,0.382006
Feedline,0.007,0.42,1.17504,0.933078
Mount,0.007,0.42,3.30341,1.20457
Inductor,0.009,0.42,0.765937,0.74
Silicon,0.009,0.42,55.7056,1.55417
Capacitor,0.009,0.42,0.32446,0.547306
Feedline,0.009,0.42,0.95797,0.83511
Mount,0.009,0.42,2.24148,0.818041
Inductor,0.011,0.42,0.545834,0.621894
Silicon,0.011,0.42,56.592,1.16341
Capacitor,0.011,0.42,0.199061,0.428805
Feedline,0.011,0.42,1.0216,0.87232
Mount,0.011,0.42,1.63939,0.715604
Inductor,0.001,0.44,1.32233,0.832383
Silicon,0.001,0.44,32.7432,2.27536
Capacitor,0.001,0.44,0.360687,0.506404
Feedline,0.001,0.44,2.41254,1.23266
Mount,0.001,0.44,23.1527,2.29753
Inductor,0.003,0.44,1.16477,0.815815
Silicon,0.003,0.44,48.1769,2.3191
Capacitor,0.003,0.44,0.234328,0.413557
Feedline,0.003,0.44,1.34855,1.02641
Mount,0.003,0.44,9.07296,1.84642
Inductor,0.005,0.44,0.861245,0.987941
Silicon,0.005,0.44,52.6171,1.93676
Capacitor,0.005,0.44,0.24398,0.426169
Feedline,0.005,0.44,1.32361,1.02007
Mount,0.005,0.44,4.95082,1.14459
Inductor,0.007,0.44,0.775222,0.759797
Silicon,0.007,0.44,55.0366,1.63112
Capacitor,0.007,0.44,0.102343,0.232492
Feedline,0.007,0.44,0.867766,0.938236
Mount,0.007,0.44,3.21658,1.13511
Inductor,0.009,0.44,0.518841,0.775232
Silicon,0.009,0.44,56.0195,1.61707
Capacitor,0.009,0.44,0.156461,0.315724
Feedline,0.009,0.44,0.925811,0.879369
Mount,0.009,0.44,2.37603,1.03079
Inductor,0.011,0.44,0.806494,0.853204
Silicon,0.011,0.44,56.5456,1.48477
Capacitor,0.011,0.44,0.213675,0.392919
Feedline,0.011,0.44,0.837085,0.821217
Mount,0.011,0.44,1.5933,0.62468
Inductor,0.001,0.46,1.09802,0.94312
Silicon,0.001,0.46,32.6664,2.64626
Capacitor,0.001,0.46,0.369164,0.408231
Feedline,0.001,0.46,2.20317,1.18555
Mount,0.001,0.46,23.6539,2.51438
Inductor,0.003,0.46,1.18445,1.1171
Silicon,0.003,0.46,47.5007,2.31826
Capacitor,0.003,0.46,0.286858,0.480432
Feedline,0.003,0.46,1.10291,0.870094
Mount,0.003,0.46,9.92004,1.7756
Inductor,0.005,0.46,0.977729,1.05114
Silicon,0.005,0.46,52.2444,2.24078
Capacitor,0.005,0.46,0.258523,0.462588
Feedline,0.005,0.46,1.24725,0.913845
Mount,0.005,0.46,5.26445,1.64224
Inductor,0.007,0.46,0.872398,0.930829
Silicon,0.007,0.46,54.2558,1.63159
Capacitor,0.007,0.46,0.314665,0.492535
Feedline,0.007,0.46,0.97219,1.06029
Mount,0.007,0.46,3.57948,1.06585
Inductor,0.009,0.46,0.757913,1.01824
Silicon,0.009,0.46,55.5379,1.8434
Capacitor,0.009,0.46,0.140449,0.351998
Feedline,0.009,0.46,1.02391,0.776547
Mount,0.009,0.46,2.53863,1.37487
Inductor,0.011,0.46,0.923963,0.9527
Silicon,0.011,0.46,56.2117,1.61941
Capacitor,0.011,0.46,0.229259,0.483013
Feedline,0.011,0.46,0.929736,0.86452
Mount,0.011,0.46,1.70145,0.838127
Inductor,0.001,0.48,1.20886,0.918915
Silicon,0.001,0.48,32.2157,2.20608
Capacitor,0.001,0.48,0.522738,0.613449
Feedline,0.001,0.48,2.143,1.15867
Mount,0.001,0.48,23.9004,1.82875
Inductor,0.003,0.48,0.884674,0.843885
Silicon,0.003,0.48,47.7885,2.00522
Capacitor,0.003,0.48,0.253749,0.447093
Feedline,0.003,0.48,1.35174,0.856107
Mount,0.003,0.48,9.7143,1.91734
Inductor,0.005,0.48,1.01603,0.849418
Silicon,0.005,0.48,51.7472,2.2094
Capacitor,0.005,0.48,0.261421,0.414927
Feedline,0.005,0.48,1.41343,0.987374
Mount,0.005,0.48,5.55804,1.43368
Inductor,0.007,0.48,0.821302,0.779162
Silicon,0.007,0.48,54.5027,1.71545
Capacitor,0.007,0.48,0.234067,0.426285
Feedline,0.007,0.48,1.14901,0.93175
Mount,0.007,0.48,3.28849,1.1056
Inductor,0.009,0.48,1.04797,1.03467
Silicon,0.009,0.48,55.1515,1.8991
Capacitor,0.009,0.48,0.211957,0.383525
Feedline,0.009,0.48,0.959196,0.949229
Mount,0.009,0.48,2.62755,1.162
Inductor,0.011,0.48,0.684319,0.759585
Silicon,0.011,0.48,56.5527,1.43738
Capacitor,0.011,0.48,0.0910101,0.320273
Feedline,0.011,0.48,0.981372,0.842437
Mount,0.011,0.48,1.68787,0.808756
Inductor,0.001,0.5,1.25986,1.00913
Silicon,0.001,0.5,31.4331,2.35582
Capacitor,0.001,0.5,0.348638,0.477269
Feedline,0.001,0.5,2.39668,0.974979
Mount,0.001,0.5,24.5495,2.54386
Inductor,0.003,0.5,1.20526,1.10538
Silicon,0.003,0.5,47.2784,1.91712
Capacitor,0.003,0.5,0.351819,0.601016
Feedline,0.003,0.5,1.37884,0.838978
Mount,0.003,0.5,9.77799,1.63162
Inductor,0.005,0.5,0.995616,0.718334
Silicon,0.005,0.5,51.3142,1.92855
Capacitor,0.005,0.5,0.333847,0.449838
Feedline,0.005,0.5,1.26474,0.98974
Mount,0.005,0.5,6.09016,1.33603
Inductor,0.007,0.5,1.02987,0.968909
Silicon,0.007,0.5,54.4209,1.67433
Capacitor,0.007,0.5,0.231836,0.366104
Feedline,0.007,0.5,0.873733,0.78985
Mount,0.007,0.5,3.44024,1.21963
Inductor,0.009,0.5,1.0179,0.943792
Silicon,0.009,0.5,55.1013,1.69334
Capacitor,0.009,0.5,0.34042,0.503401
Feedline,0.009,0.5,1.01769,0.843054
Mount,0.009,0.5,2.52222,1.05577
Inductor,0.011,0.5,0.789136,0.740426
Silicon,0.011,0.5,56.0305,1.42382
Capacitor,0.011,0.5,0.199968,0.462936
Feedline,0.011,0.5,1.00757,0.872756
Mount,0.011,0.5,1.97039,0.794338
Inductor,0.001,0.52,1.03609,0.938563
Silicon,0.001,0.52,32.0151,2.01646
Capacitor,0.001,0.52,0.403446,0.458109
Feedline,0.001,0.52,2.33642,0.9622
Mount,0.001,0.52,24.1978,1.71948
Inductor,0.003,0.52,0.985603,0.991541
Silicon,0.003,0.52,46.9317,2.3042
Capacitor,0.003,0.52,0.287856,0.465617
Feedline,0.003,0.52,1.24532,0.934838
Mount,0.003,0.52,10.5455,2.05709
Inductor,0.005,0.52,0.965576,0.771131
Silicon,0.005,0.52,51.3352,1.74633
Capacitor,0.005,0.52,0.281304,0.39703
Feedline,0.005,0.52,1.30823,0.898723
Mount,0.005,0.52,6.10631,1.28201
Inductor,0.007,0.52,0.797203,0.886762
Silicon,0.007,0.52,54.0719,1.7382
Capacitor,0.007,0.52,0.205688,0.357426
Feedline,0.007,0.52,1.05761,0.980782
Mount,0.007,0.52,3.86594,1.25169
Inductor,0.009,0.52,1.10621,1.05439
Silicon,0.009,0.52,54.9797,1.68152
Capacitor,0.009,0.52,0.22401,0.417275
Feedline,0.009,0.52,0.927269,0.927584
Mount,0.009,0.52,2.76198,1.04371
Inductor,0.011,0.52,0.653896,0.860155
Silicon,0.011,0.52,56.4089,1.34271
Capacitor,0.011,0.52,0.298101,0.426417
Feedline,0.011,0.52,0.729418,0.73384
Mount,0.011,0.52,1.90721,0.865302
Inductor,0.001,0.54,1.07761,0.854549
Silicon,0.001,0.54,32.0736,2.4898
Capacitor,0.001,0.54,0.387966,0.475851
Feedline,0.001,0.54,2.05997,1.02236
Mount,0.001,0.54,24.3913,2.41708
Inductor,0.003,0.54,0.952161,1.01092
Silicon,0.003,0.54,47.0795,2.23412
Capacitor,0.003,0.54,0.23487,0.378869
Feedline,0.003,0.54,1.26226,0.926389
Mount,0.003,0.54,10.4638,1.92908
Inductor,0.005,0.54,0.776251,0.705284
Silicon,0.005,0.54,51.8466,1.81896
Capacitor,0.005,0.54,0.252655,0.422952
Feedline,0.005,0.54,1.00443,0.82294
Mount,0.005,0.54,6.11364,1.46536
Inductor,0.007,0.54,0.707227,0.81951
Silicon,0.007,0.54,54.1942,1.69787
Capacitor,0.007,0.54,0.260547,0.497105
Feedline,0.007,0.54,0.969483,0.871154
Mount,0.007,0.54,3.86712,1.14054
Inductor,0.009,0.54,0.991025,0.964082
Silicon,0.009,0.54,55.4324,1.7594
Capacitor,0.009,0.54,0.219278,0.477704
Feedline,0.009,0.54,0.802584,1.01645
Mount,0.009,0.54,2.55333,1.03782
Inductor,0.011,0.54,0.657272,0.732915
Silicon,0.011,0.54,56.6263,1.38104
Capacitor,0.011,0.54,0.24957,0.424962
Feedline,0.011,0.54,0.788667,0.77108
Mount,0.011,0.54,1.6754,0.723724
Inductor,0.001,0.56,0.998256,0.942826
Silicon,0.001,0.56,32.0466,2.43604
Capacitor,0.001,0.56,0.27623,0.42339
Feedline,0.001,0.56,2.22945,1.26414
Mount,0.001,0.56,24.4368,1.97712
Inductor,0.003,0.56,0.915225,0.733122
Silicon,0.003,0.56,46.348,2.34431
Capacitor,0.003,0.56,0.422744,0.570995
Feedline,0.003,0.56,1.32517,0.941762
Mount,0.003,0.56,10.9808,1.85121
Inductor,0.005,0.56,0.89351,0.757891
Silicon,0.005,0.56,51.6021,1.61978
Capacitor,0.005,0.56,0.223034,0.403956
Feedline,0.005,0.56,1.25209,1.02805
Mount,0.005,0.56,6.02462,1.35572
Inductor,0.007,0.56,0.876211,0.818059
Silicon,0.007,0.56,53.8737,1.90146
Capacitor,0.007,0.56,0.265861,0.438837
Feedline,0.007,0.56,1.07802,0.87389
Mount,0.007,0.56,3.90479,1.13905
Inductor,0.009,0.56,1.02927,0.976356
Silicon,0.009,0.56,54.947,1.92724
Capacitor,0.009,0.56,0.186043,0.369925
Feedline,0.009,0.56,0.868188,0.815873
Mount,0.009,0.56,2.96489,1.07475
Inductor,0.011,0.56,0.755113,0.878124
Silicon,0.011,0.56,56.1883,1.43913
Capacitor,0.011,0.56,0.243295,0.49568
Feedline,0.011,0.56,0.916832,0.849414
Mount,0.011,0.56,1.89259,0.76713
Inductor,0.001,0.58,1.31163,0.998666
Silicon,0.001,0.58,31.3319,2.33299
Capacitor,0.001,0.58,0.248339,0.401903
Feedline,0.001,0.58,2.30223,1.15375
Mount,0.001,0.58,24.7975,1.92901
Inductor,0.003,0.58,0.947276,0.873765
Silicon,0.003,0.58,46.9212,1.91808
Capacitor,0.003,0.58,0.322934,0.416189
Feedline,0.003,0.58,1.31282,0.850259
Mount,0.003,0.58,10.4906,1.5825
Inductor,0.005,0.58,1.03654,1.11547
Silicon,0.005,0.58,51.6148,1.91326
Capacitor,0.005,0.58,0.210127,0.343395
Feedline,0.005,0.58,1.20255,0.917362
Mount,0.005,0.58,5.92869,1.37139
Inductor,0.007,0.58,0.765756,0.94376
Silicon,0.007,0.58,54.0853,1.82204
Capacitor,0.007,0.58,0.187447,0.379147
Feedline,0.007,0.58,1.10908,0.925204
Mount,0.007,0.58,3.84955,1.449
Inductor,0.009,0.58,1.04581,1.02162
Silicon,0.009,0.58,54.9292,1.85668
Capacitor,0.009,0.58,0.234115,0.39861
Feedline,0.009,0.58,1.11295,1.11507
Mount,0.009,0.58,2.67435,1.08293
Inductor,0.011,0.58,1.17357,0.894031
Silicon,0.011,0.58,55.5773,1.57554
Capacitor,0.011,0.58,0.278411,0.449374
Feedline,0.011,0.58,1.00805,0.87113
Mount,0.011,0.58,1.95911,0.786779
Inductor,0.001,0.6,0.858625,0.751123
Silicon,0.001,0.6,31.3158,2.11843
Capacitor,0.001,0.6,0.328064,0.465985
Feedline,0.001,0.6,2.15133,0.967445
Mount,0.001,0.6,25.3378,2.16423
Inductor,0.003,0.6,0.864223,0.82532
Silicon,0.003,0.6,46.623,2.13762
Capacitor,0.003,0.6,0.275784,0.387262
Feedline,0.003,0.6,1.27148,1.02572
Mount,0.003,0.6,10.9605,1.77959
Inductor,0.005,0.6,0.824494,0.838217
Silicon,0.005,0.6,51.5879,1.73879
Capacitor,0.005,0.6,0.231435,0.339319
Feedline,0.005,0.6,1.33069,1.0946
Mount,0.005,0.6,6.02188,1.46678
Inductor,0.007,0.6,0.851146,0.811037
Silicon,0.007,0.6,53.467,1.75717
Capacitor,0.007,0.6,0.179791,0.340825
Feedline,0.007,0.6,1.31341,1.09632
Mount,0.007,0.6,4.1859,1.28329
Inductor,0.009,0.6,1.03971,1.12363
Silicon,0.009,0.6,54.8199,1.79125
Capacitor,0.009,0.6,0.218017,0.384222
Feedline,0.009,0.6,0.779341,0.68492
Mount,0.009,0.6,3.13984,1.04009
Inductor,0.011,0.6,1.00033,0.917802
Silicon,0.011,0.6,55.7516,1.49358
Capacitor,0.011,0.6,0.312613,0.546314
Feedline,0.011,0.6,0.963288,0.933763
Mount,0.011,0.6,1.97066,0.843726
Inductor,0.001,0.62,1.02256,0.884399
Silicon,0.001,0.62,30.5474,2.70633
Capacitor,0.001,0.62,0.440597,0.489703
Feedline,0.001,0.62,2.1999,1.10006
Mount,0.001,0.62,25.7796,2.53141
Inductor,0.003,0.62,1.11902,0.964338
Silicon,0.003,0.62,46.1766,2.38371
Capacitor,0.003,0.62,0.295042,0.438668
Feedline,0.003,0.62,1.47321,1.0479
Mount,0.003,0.62,10.9297,1.83163
Inductor,0.005,0.62,1.08879,0.855429
Silicon,0.005,0.62,51.1891,1.97669
Capacitor,0.005,0.62,0.23404,0.434559
Feedline,0.005,0.62,1.0686,0.766179
Mount,0.005,0.62,6.41752,1.38834
Inductor,0.007,0.62,0.886543,0.923913
Silicon,0.007,0.62,53.6079,1.87126
Capacitor,0.007,0.62,0.300996,0.452815
Feedline,0.007,0.62,1.23836,1.06508
Mount,0.007,0.62,3.96463,1.40808
Inductor,0.009,0.62,1.17981,1.19715
Silicon,0.009,0.62,54.7508,1.85034
Capacitor,0.009,0.62,0.235599,0.396959
Feedline,0.009,0.62,0.916328,0.6999
Mount,0.009,0.62,2.91462,1.19387
Inductor,0.011,0.62,0.813653,0.799994
Silicon,0.011,0.62,56.3027,1.21677
Capacitor,0.011,0.62,0.273209,0.485479
Feedline,0.011,0.62,0.653861,0.657388
Mount,0.011,0.62,1.95506,0.8069
Inductor,0.001,0.64,1.11786,0.978702
Silicon,0.001,0.64,30.8108,2.45228
Capacitor,0.001,0.64,0.357592,0.463691
Feedline,0.001,0.64,2.28854,0.992658
Mount,0.001,0.64,25.4142,2.11697
Inductor,0.003,0.64,1.06445,0.928897
Silicon,0.003,0.64,46.1405,2.34416
Capacitor,0.003,0.64,0.174077,0.309624
Feedline,0.003,0.64,1.36616,0.863839
Mount,0.003,0.64,11.2475,1.91774
Inductor,0.005,0.64,0.990796,0.840897
Silicon,0.005,0.64,51.6672,1.65152
Capacitor,0.005,0.64,0.190697,0.27943
Feedline,0.005,0.64,1.22141,0.933901
Mount,0.005,0.64,5.92634,1.27333
Inductor,0.007,0.64,1.1139,1.08798
Silicon,0.007,0.64,53.7051,1.94476
Capacitor,0.007,0.64,0.228827,0.390641
Feedline,0.007,0.64,1.0294,0.920883
Mount,0.007,0.64,3.92001,1.11982
Inductor,0.009,0.64,0.81793,0.91217
Silicon,0.009,0.64,55.1755,1.57657
Capacitor,0.009,0.64,0.216356,0.396097
Feedline,0.009,0.64,1.00177,0.915111
Mount,0.009,0.64,2.7869,0.902863
Inductor,0.011,0.64,0.917964,0.82808
Silicon,0.011,0.64,56.102,1.30054
Capacitor,0.011,0.64,0.189529,0.356749
Feedline,0.011,0.64,0.89133,0.719241
Mount,0.011,0.64,1.89916,0.889215
Inductor,0.001,0.66,1.1035,0.860133
Silicon,0.001,0.66,30.6901,2.68882
Capacitor,0.001,0.66,0.442907,0.453064
Feedline,0.001,0.66,2.19142,1.1217
Mount,0.001,0.66,25.5592,2.58183
Inductor,0.003,0.66,0.786137,0.694089
Silicon,0.003,0.66,46.3819,2.20455
Capacitor,0.003,0.66,0.293575,0.386313
Feedline,0.003,0.66,1.75002,1.33469
Mount,0.003,0.66,10.7843,2.02741
Inductor,0.005,0.66,1.04692,0.952202
Silicon,0.005,0.66,51.0646,2.203
Capacitor,0.005,0.66,0.239355,0.398581
Feedline,0.005,0.66,1.25965,0.918233
Mount,0.005,0.66,6.38456,1.73247
Inductor,0.007,0.66,0.999565,0.888729
Silicon,0.007,0.66,53.647,1.65272
Capacitor,0.007,0.66,0.300563,0.415538
Feedline,0.007,0.66,0.919842,0.83783
Mount,0.007,0.66,4.12887,1.25877
Inductor,0.009,0.66,0.878698,0.974184
Silicon,0.009,0.66,54.7707,1.69236
Capacitor,0.009,0.66,0.227897,0.388789
Feedline,0.009,0.66,0.937327,0.868005
Mount,0.009,0.66,3.17974,1.18473
Inductor,0.011,0.66,0.834748,0.753947
Silicon,0.011,0.66,56.0383,1.56544
Capacitor,0.011,0.66,0.124784,0.2617
Feedline,0.011,0.66,0.808546,0.837447
Mount,0.011,0.66,2.19218,0.924321
Inductor,0.001,0.68,1.13272,0.854783
Silicon,0.001,0.68,30.3094,2.23
Capacitor,0.001,0.68,0.535788,0.53401
Feedline,0.001,0.68,2.37489,1.13455
Mount,0.001,0.68,25.6343,2.03092
Inductor,0.003,0.68,0.664179,0.758712
Silicon,0.003,0.68,46.6304,2.16489
Capacitor,0.003,0.68,0.180174,0.318769
Feedline,0.003,0.68,1.57216,0.962837
Mount,0.003,0.68,10.9476,1.97554
Inductor,0.005,0.68,1.01215,1.0386
Silicon,0.005,0.68,51.0761,2.03734
Capacitor,0.005,0.68,0.377344,0.586285
Feedline,0.005,0.68,0.953248,0.716856
Mount,0.005,0.68,6.57846,1.76994
Inductor,0.007,0.68,0.817805,0.882997
Silicon,0.007,0.68,53.5253,1.71654
Capacitor,0.007,0.68,0.217487,0.335782
Feedline,0.007,0.68,1.01193,0.791385
Mount,0.007,0.68,4.42466,1.2764
Inductor,0.009,0.68,0.920676,0.893969
Silicon,0.009,0.68,54.8078,1.69508
Capacitor,0.009,0.68,0.18569,0.355722
Feedline,0.009,0.68,1.0812,1.16308
Mount,0.009,0.68,3.00066,1.16623
Inductor,0.011,0.68,1.1192,0.844138
Silicon,0.011,0.68,55.486,1.58391
Capacitor,0.011,0.68,0.42535,0.61533
Feedline,0.011,0.68,0.861401,0.785494
Mount,0.011,0.68,2.10743,1.01121
Inductor,0.001,0.7,1.0853,0.892367
Silicon,0.001,0.7,29.7308,2.65734
Capacitor,0.001,0.7,0.39041,0.474055
Feedline,0.001,0.7,2.52095,1.05368
Mount,0.001,0.7,26.2662,2.57607
Inductor,0.003,0.7,1.07209,0.97383
Silicon,0.003,0.7,45.863,1.9304
Capacitor,0.003,0.7,0.422623,0.540148
Feedline,0.003,0.7,1.48606,0.89157
Mount,0.003,0.7,11.149,1.72062
Inductor,0.005,0.7,1.01024,0.929508
Silicon,0.005,0.7,51.2039,1.85281
Capacitor,0.005,0.7,0.230586,0.392112
Feedline,0.005,0.7,1.10984,0.951518
Mount,0.005,0.7,6.44029,1.45934
Inductor,0.007,0.7,1.02816,1.01009
Silicon,0.007,0.7,53.5002,1.78072
Capacitor,0.007,0.7,0.193318,0.412704
Feedline,0.007,0.7,0.968083,0.940148
Mount,0.007,0.7,4.30745,1.1505
Inductor,0.009,0.7,0.82803,0.83087
Silicon,0.009,0.7,55.3347,1.89551
Capacitor,0.009,0.7,0.265157,0.48022
Feedline,0.009,0.7,0.863337,1.04469
Mount,0.009,0.7,2.70491,0.980941
Inductor,0.011,0.7,0.95522,0.890983
Silicon,0.011,0.7,55.6743,1.49881
Capacitor,0.011,0.7,0.255995,0.425478
Feedline,0.011,0.7,1.08501,0.946059
Mount,0.011,0.7,2.02894,0.880308
Inductor,0.001,0.72,1.06667,0.846519
Silicon,0.001,0.72,30.0356,2.29734
Capacitor,0.001,0.72,0.467827,0.611212
Feedline,0.001,0.72,2.2259,1.20067
Mount,0.001,0.72,26.1928,1.90326
Inductor,0.003,0.72,1.04998,0.908249
Silicon,0.003,0.72,46.0865,2.21719
Capacitor,0.003,0.72,0.233005,0.416658
Feedline,0.003,0.72,1.5801,0.798152
Mount,0.003,0.72,11.0438,2.02598
Inductor,0.005,0.72,0.867907,0.879708
Silicon,0.005,0.72,51.0202,2.16368
Capacitor,0.005,0.72,0.274488,0.449771
Feedline,0.005,0.72,1.27583,1.00502
Mount,0.005,0.72,6.55983,1.5849
Inductor,0.007,0.72,0.99647,0.950393
Silicon,0.007,0.72,53.6578,1.77512
Capacitor,0.007,0.72,0.251038,0.454042
Feedline,0.007,0.72,1.15869,0.891686
Mount,0.007,0.72,3.93538,1.27946
Inductor,0.009,0.72,0.881185,0.945562
Silicon,0.009,0.72,55.111,1.68206
Capacitor,0.009,0.72,0.208223,0.35887
Feedline,0.009,0.72,0.977839,0.785099
Mount,0.009,0.72,2.81824,0.999404
Inductor,0.011,0.72,0.910977,0.964307
Silicon,0.011,0.72,55.5244,1.42625
Capacitor,0.011,0.72,0.254143,0.450266
Feedline,0.011,0.72,1.04859,1.01676
Mount,0.011,0.72,2.26045,0.881741
Inductor,0.001,0.74,0.917351,0.914434
Silicon,0.001,0.74,30.3079,2.53843
Capacitor,0.001,0.74,0.315371,0.506676
Feedline,0.001,0.74,2.13625,1.15091
Mount,0.001,0.74,26.3143,2.50621
Inductor,0.003,0.74,1.16643,1.03694
Silicon,0.003,0.74,45.7668,2.29035
Capacitor,0.003,0.74,0.305824,0.467433
Feedline,0.003,0.74,1.54156,1.12629
Mount,0.003,0.74,11.2136,1.91357
Inductor,0.005,0.74,1.07298,0.904482
Silicon,0.005,0.74,50.8593,1.87963
Capacitor,0.005,0.74,0.367126,0.474298
Feedline,0.005,0.74,1.17433,0.915741
Mount,0.005,0.74,6.52492,1.40532
Inductor,0.007,0.74,0.912386,0.7465
Silicon,0.007,0.74,53.1968,1.72618
Capacitor,0.007,0.74,0.268852,0.422776
Feedline,0.007,0.74,1.18487,0.791259
Mount,0.007,0.74,4.43485,1.32558
Inductor,0.009,0.74,0.82414,0.778609
Silicon,0.009,0.74,55.312,1.53919
Capacitor,0.009,0.74,0.152873,0.334555
Feedline,0.009,0.74,0.998873,0.785105
Mount,0.009,0.74,2.70799,1.09622
Inductor,0.011,0.74,0.976345,1.0195
Silicon,0.011,0.74,55.6394,1.461
Capacitor,0.011,0.74,0.276431,0.471254
Feedline,0.011,0.74,0.797085,0.894206
Mount,0.011,0.74,2.30896,0.810568
Inductor,0.001,0.76,1.04248,0.879969
Silicon,0.001,0.76,30.1351,2.3292
Capacitor,0.001,0.76,0.387344,0.518059
Feedline,0.001,0.76,1.91779,1.05048
Mount,0.001,0.76,26.5063,2.06923
Inductor,0.003,0.76,1.06456,0.864745
Silicon,0.003,0.76,45.667,1.99421
Capacitor,0.003,0.76,0.339244,0.500674
Feedline,0.003,0.76,1.43499,0.94751
Mount,0.003,0.76,11.4887,1.74977
Inductor,0.005,0.76,0.732745,0.701624
Silicon,0.005,0.76,51.415,1.76873
Capacitor,0.005,0.76,0.247311,0.415524
Feedline,0.005,0.76,1.19151,0.809413
Mount,0.005,0.76,6.41032,1.43064
Inductor,0.007,0.76,1.03986,0.970986
Silicon,0.007,0.76,53.2493,1.65084
Capacitor,0.007,0.76,0.323152,0.418091
Feedline,0.007,0.76,0.986986,0.711233
Mount,0.007,0.76,4.39851,1.32723
Inductor,0.009,0.76,0.864536,0.797632
Silicon,0.009,0.76,55.085,1.71468
Capacitor,0.009,0.76,0.179499,0.368622
Feedline,0.009,0.76,0.86114,0.795908
Mount,0.009,0.76,3.0049,1.30282
Inductor,0.011,0.76,0.971751,0.794601
Silicon,0.011,0.76,55.583,1.45429
Capacitor,0.011,0.76,0.205342,0.396608
Feedline,0.011,0.76,0.908893,0.830105
Mount,0.011,0.76,2.33012,0.779072
Inductor,0.001,0.78,1.39139,1.15276
Silicon,0.001,0.78,29.0852,2.54311
Capacitor,0.001,0.78,0.391711,0.428036
Feedline,0.001,0.78,2.1704,1.12139
Mount,0.001,0.78,26.95,2.50621
Inductor,0.003,0.78,1.01747,0.844158
Silicon,0.003,0.78,45.671,2.04024
Capacitor,0.003,0.78,0.254689,0.389241
Feedline,0.003,0.78,1.16842,0.743555
Mount,0.003,0.78,11.883,1.72194
Inductor,0.005,0.78,0.980198,0.861242
Silicon,0.005,0.78,50.8275,2.00093
Capacitor,0.005,0.78,0.206101,0.395319
Feedline,0.005,0.78,1.1421,0.896868
Mount,0.005,0.78,6.83792,1.55498
Inductor,0.007,0.78,0.991951,0.909313
Silicon,0.007,0.78,53.4299,1.97999
Capacitor,0.007,0.78,0.340723,0.49801
Feedline,0.007,0.78,1.21465,0.877586
Mount,0.007,0.78,4.02167,1.22362
Inductor,0.009,0.78,0.948823,1.0856
Silicon,0.009,0.78,55.0061,1.61725
Capacitor,0.009,0.78,0.38211,0.547344
Feedline,0.009,0.78,0.734142,0.875205
Mount,0.009,0.78,2.92371,1.00635
Inductor,0.011,0.78,0.759944,0.782157
Silicon,0.011,0.78,55.7787,1.41605
Capacitor,0.011,0.78,0.302758,0.478177
Feedline,0.011,0.78,0.931164,0.971385
Mount,0.011,0.78,2.22655,0.851743
Inductor,0.001,0.8,1.34649,1.0829
Silicon,0.001,0.8,28.6436,2.34779
Capacitor,0.001,0.8,0.370107,0.472191
Feedline,0.001,0.8,2.26107,0.982583
Mount,0.001,0.8,27.3715,2.37684
Inductor,0.003,0.8,0.96824,1.08414
Silicon,0.003,0.8,45.8197,2.56731
Capacitor,0.003,0.8,0.235674,0.346431
Feedline,0.003,0.8,1.62248,0.947861
Mount,0.003,0.8,11.3472,2.01274
Inductor,0.005,0.8,0.969297,0.831465
Silicon,0.005,0.8,50.9078,2.12891
Capacitor,0.005,0.8,0.3132,0.57641
Feedline,0.005,0.8,1.20516,1.14235
Mount,0.005,0.8,6.60106,1.31484
Inductor,0.007,0.8,1.11142,0.906127
Silicon,0.007,0.8,53.2508,1.61182
Capacitor,0.007,0.8,0.250333,0.43825
Feedline,0.007,0.8,1.29803,0.957684
Mount,0.007,0.8,4.08601,1.23029
Inductor,0.009,0.8,0.903099,0.942277
Silicon,0.009,0.8,54.7398,1.89906
Capacitor,0.009,0.8,0.166785,0.347428
Feedline,0.009,0.8,0.798614,0.787446
Mount,0.009,0.8,3.38819,1.39167
Inductor,0.011,0.8,0.771182,0.791725
Silicon,0.011,0.8,55.6259,1.63845
Capacitor,0.011,0.8,0.271646,0.386982
Feedline,0.011,0.8,0.847576,0.749366
Mount,0.011,0.8,2.48138,0.977125
Inductor,0.001,0.82,1.21152,1.09587
Silicon,0.001,0.82,30.1174,2.31587
Capacitor,0.001,0.82,0.289546,0.466339
Feedline,0.001,0.82,1.92139,0.901566
Mount,0.001,0.82,26.4518,2.1605
Inductor,0.003,0.82,1.19779,1.2099
Silicon,0.003,0.82,45.2106,2.10019
Capacitor,0.003,0.82,0.357396,0.510866
Feedline,0.003,0.82,1.69284,1.00855
Mount,0.003,0.82,11.5356,2.00118
Inductor,0.005,0.82,1.01947,1.05729
Silicon,0.005,0.82,50.7632,1.90959
Capacitor,0.005,0.82,0.266785,0.511402
Feedline,0.005,0.82,1.47633,1.10103
Mount,0.005,0.82,6.46756,1.48552
Inductor,0.007,0.82,1.03429,1.0359
Silicon,0.007,0.82,52.9885,1.62666
Capacitor,0.007,0.82,0.294086,0.486535
Feedline,0.007,0.82,0.882248,0.748844
Mount,0.007,0.82,4.79908,1.16319
Inductor,0.009,0.82,0.716707,0.727027
Silicon,0.009,0.82,54.7532,1.70412
Capacitor,0.009,0.82,0.228286,0.361303
Feedline,0.009,0.82,1.02064,0.911322
Mount,0.009,0.82,3.27721,1.38254
Inductor,0.011,0.82,0.763804,0.851577
Silicon,0.011,0.82,55.7801,1.51163
Capacitor,0.011,0.82,0.210605,0.389019
Feedline,0.011,0.82,0.888589,0.84062
Mount,0.011,0.82,2.35288,0.993162
Inductor,0.001,0.84,1.22317,0.805919
Silicon,0.001,0.84,29.5049,2.30845
Capacitor,0.001,0.84,0.428167,0.590567
Feedline,0.001,0.84,2.16915,1.25246
Mount,0.001,0.84,26.6671,2.4195
Inductor,0.003,0.84,0.855947,0.703579
Silicon,0.003,0.84,45.4322,1.93842
Capacitor,0.003,0.84,0.330054,0.451092
Feedline,0.003,0.84,1.41534,0.908371
Mount,0.003,0.84,11.9596,1.69381
Inductor,0.005,0.84,0.731083,0.82149
Silicon,0.005,0.84,51.2753,1.8316
Capacitor,0.005,0.84,0.230324,0.396682
Feedline,0.005,0.84,1.13283,1.07836
Mount,0.005,0.84,6.62471,1.58384
Inductor,0.007,0.84,1.06085,1.04937
Silicon,0.007,0.84,53.2418,1.79382
Capacitor,0.007,0.84,0.190325,0.393664
Feedline,0.007,0.84,0.946297,0.791441
Mount,0.007,0.84,4.55853,1.3558
Inductor,0.009,0.84,0.972638,0.832131
Silicon,0.009,0.84,54.7818,1.90862
Capacitor,0.009,0.84,0.326704,0.441185
Feedline,0.009,0.84,0.720311,0.765533
Mount,0.009,0.84,3.19423,1.07711
Inductor,0.011,0.84,0.613979,0.703656
Silicon,0.011,0.84,56.0032,1.54661
Capacitor,0.011,0.84,0.29663,0.501404
Feedline,0.011,0.84,0.732668,0.823962
Mount,0.011,0.84,2.35096,0.931228
Inductor,0.001,0.86,1.13184,1.08165
Silicon,0.001,0.86,28.8973,2.35097
Capacitor,0.001,0.86,0.403404,0.469094
Feedline,0.001,0.86,2.14503,1.01384
Mount,0.001,0.86,27.4138,2.10074
Inductor,0.003,0.86,1.11918,0.886551
Silicon,0.003,0.86,44.7636,2.15658
Capacitor,0.003,0.86,0.342546,0.452278
Feedline,0.003,0.86,1.63744,1.10206
Mount,0.003,0.86,12.1306,1.78577
Inductor,0.005,0.86,0.809969,0.789518
Silicon,0.005,0.86,50.9298,2.20135
Capacitor,0.005,0.86,0.359596,0.495823
Feedline,0.005,0.86,1.10657,0.96769
Mount,0.005,0.86,6.7892,1.69591
Inductor,0.007,0.86,1.01303,0.953385
Silicon,0.007,0.86,53.0791,1.63061
Capacitor,0.007,0.86,0.241696,0.53683
Feedline,0.007,0.86,1.11549,0.866929
Mount,0.007,0.86,4.5492,1.05293
Inductor,0.009,0.86,0.889434,0.813305
Silicon,0.009,0.86,54.3795,1.9523
Capacitor,0.009,0.86,0.341026,0.488799
Feedline,0.009,0.86,0.98783,0.83419
Mount,0.009,0.86,3.39936,1.45433
Inductor,0.011,0.86,0.90582,0.88784
Silicon,0.011,0.86,55.6988,1.56996
Capacitor,0.011,0.86,0.219728,0.348949
Feedline,0.011,0.86,0.89728,0.914531
Mount,0.011,0.86,2.27604,1.1129
Inductor,0.001,0.88,1.3463,0.980834
Silicon,0.001,0.88,29.1579,2.36475
Capacitor,0.001,0.88,0.400981,0.444239
Feedline,0.001,0.88,1.90131,1.28494
Mount,0.001,0.88,27.1835,2.17485
Inductor,0.003,0.88,1.0002,1.01485
Silicon,0.003,0.88,45.2866,2.32942
Capacitor,0.003,0.88,0.405696,0.609912
Feedline,0.003,0.88,1.56294,1.02366
Mount,0.003,0.88,11.7414,1.98025
Inductor,0.005,0.88,0.856901,0.892617
Silicon,0.005,0.88,50.803,1.86061
Capacitor,0.005,0.88,0.32774,0.436886
Feedline,0.005,0.88,1.09821,0.798837
Mount,0.005,0.88,6.90445,1.64476
Inductor,0.007,0.88,0.97337,0.95458
Silicon,0.007,0.88,53.1082,1.89208
Capacitor,0.007,0.88,0.201682,0.418864
Feedline,0.007,0.88,1.04187,0.842262
Mount,0.007,0.88,4.67368,1.22697
Inductor,0.009,0.88,0.74443,0.667223
Silicon,0.009,0.88,54.9002,1.82543
Capacitor,0.009,0.88,0.245388,0.412301
Feedline,0.009,0.88,0.883407,0.86232
Mount,0.009,0.88,3.22527,1.07617
Inductor,0.011,0.88,0.767562,0.726579
Silicon,0.011,0.88,55.6035,1.67806
Capacitor,0.011,0.88,0.180451,0.466975
Feedline,0.011,0.88,0.903042,0.852375
Mount,0.011,0.88,2.54166,1.10669
Inductor,0.001,0.9,1.18582,1.0468
Silicon,0.001,0.9,28.8145,2.31722
Capacitor,0.001,0.9,0.320169,0.477201
Feedline,0.001,0.9,1.97871,0.97245
Mount,0.001,0.9,27.6933,2.59853
Inductor,0.003,0.9,1.1304,0.866927
Silicon,0.003,0.9,44.4373,2.07515
Capacitor,0.003,0.9,0.166661,0.336464
Feedline,0.003,0.9,1.4956,0.85612
Mount,0.003,0.9,12.7676,1.83554
Inductor,0.005,0.9,0.891735,1.00251
Silicon,0.005,0.9,50.2181,1.91328
Capacitor,0.005,0.9,0.245262,0.413143
Feedline,0.005,0.9,1.18242,0.806161
Mount,0.005,0.9,7.45859,1.63587
Inductor,0.007,0.9,1.05647,1.11451
Silicon,0.007,0.9,52.9174,1.52363
Capacitor,0.007,0.9,0.161327,0.303136
Feedline,0.007,0.9,1.01607,0.84669
Mount,0.007,0.9,4.84758,1.33371
Inductor,0.009,0.9,0.830995,0.782744
Silicon,0.009,0.9,54.7926,1.62474
Capacitor,0.009,0.9,0.217977,0.359468
Feedline,0.009,0.9,1.06324,0.833521
Mount,0.009,0.9,3.09433,0.967242
Inductor,0.011,0.9,0.76261,0.790334
Silicon,0.011,0.9,55.8368,1.2397
Capacitor,0.011,0.9,0.253912,0.430445
Feedline,0.011,0.9,0.785017,0.707768
Mount,0.011,0.9,2.35833,1.03115
Inductor,0.001,0.92,1.20163,0.911051
Silicon,0.001,0.92,28.6865,2.16112
Capacitor,0.001,0.92,0.316091,0.411458
Feedline,0.001,0.92,2.17041,1.37464
Mount,0.001,0.92,27.6145,2.33873
Inductor,0.003,0.92,0.915762,0.672496
Silicon,0.003,0.92,45.0059,1.95795
Capacitor,0.003,0.92,0.11744,0.243998
Feedline,0.003,0.92,1.48756,0.834764
Mount,0.003,0.92,12.4691,1.59731
Inductor,0.005,0.92,0.879727,0.895984
Silicon,0.005,0.92,50.7971,1.94337
Capacitor,0.005,0.92,0.273914,0.496532
Feedline,0.005,0.92,1.06121,0.736278
Mount,0.005,0.92,6.98169,1.39095
Inductor,0.007,0.92,1.05712,1.04158
Silicon,0.007,0.92,52.9497,1.92388
Capacitor,0.007,0.92,0.243452,0.407025
Feedline,0.007,0.92,1.25162,0.879973
Mount,0.007,0.92,4.49459,1.22934
Inductor,0.009,0.92,0.751885,0.807338
Silicon,0.009,0.92,54.9954,1.8697
Capacitor,0.009,0.92,0.220844,0.371149
Feedline,0.009,0.92,0.906237,0.772044
Mount,0.009,0.92,3.12432,1.06792
Inductor,0.011,0.92,0.999363,0.840791
Silicon,0.011,0.92,55.5408,1.56707
Capacitor,0.011,0.92,0.193588,0.396448
Feedline,0.011,0.92,0.977755,0.965911
Mount,0.011,0.92,2.28655,0.917752
Inductor,0.001,0.94,1.21487,1.00762
Silicon,0.001,0.94,28.3223,2.55266
Capacitor,0.001,0.94,0.364796,0.510298
Feedline,0.001,0.94,2.06081,1.12634
Mount,0.001,0.94,28.0288,2.33515
Inductor,0.003,0.94,0.900409,0.88745
Silicon,0.003,0.94,45.1455,2.26331
Capacitor,0.003,0.94,0.249197,0.363498
Feedline,0.003,0.94,1.43298,0.90498
Mount,0.003,0.94,12.2673,2.07538
Inductor,0.005,0.94,0.98749,0.987542
Silicon,0.005,0.94,50.8799,2.043
Capacitor,0.005,0.94,0.27007,0.567288
Feedline,0.005,0.94,1.11695,0.8496
Mount,0.005,0.94,6.7431,1.43375
Inductor,0.007,0.94,0.980497,1.01017
Silicon,0.007,0.94,52.7268,1.86243
Capacitor,0.007,0.94,0.348069,0.542812
Feedline,0.007,0.94,1.15849,0.839204
Mount,0.007,0.94,4.78208,1.3084
Inductor,0.009,0.94,0.641345,0.783614
Silicon,0.009,0.94,55.2787,1.67379
Capacitor,0.009,0.94,0.272041,0.498353
Feedline,0.009,0.94,0.744183,0.762433
Mount,0.009,0.94,3.06097,0.988265
Inductor,0.011,0.94,0.902808,0.868844
Silicon,0.011,0.94,55.4636,1.58256
Capacitor,0.011,0.94,0.172381,0.346869
Feedline,0.011,0.94,0.778391,0.765906
Mount,0.011,0.94,2.67839,1.2711
Inductor,0.001,0.96,1.27698,1.05537
Silicon,0.001,0.96,28.6231,2.7192
Capacitor,0.001,0.96,0.381378,0.544726
Feedline,0.001,0.96,2.38796,1.27265
Mount,0.001,0.96,27.3225,2.21142
Inductor,0.003,0.96,0.870719,0.922261
Silicon,0.003,0.96,45.0283,2.24889
Capacitor,0.003,0.96,0.258211,0.453783
Feedline,0.003,0.96,1.3457,0.94713
Mount,0.003,0.96,12.4937,2.16038
Inductor,0.005,0.96,0.668674,0.78802
Silicon,0.005,0.96,50.3023,1.92682
Capacitor,0.005,0.96,0.288246,0.520298
Feedline,0.005,0.96,1.15212,0.890424
Mount,0.005,0.96,7.5853,1.49457
Inductor,0.007,0.96,1.15229,0.852382
Silicon,0.007,0.96,52.5616,1.87132
Capacitor,0.007,0.96,0.338467,0.488485
Feedline,0.007,0.96,1.21747,0.957271
Mount,0.007,0.96,4.72629,1.15455
Inductor,0.009,0.96,1.08363,0.986971
Silicon,0.009,0.96,54.343,1.64851
Capacitor,0.009,0.96,0.237836,0.370357
Feedline,0.009,0.96,0.950478,0.868793
Mount,0.009,0.96,3.38195,1.13474
Inductor,0.011,0.96,0.616737,0.642057
Silicon,0.011,0.96,55.5846,1.51548
Capacitor,0.011,0.96,0.186303,0.363156
Feedline,0.011,0.96,0.885156,0.760439
Mount,0.011,0.96,2.72322,0.995338
Inductor,0.001,0.98,1.03703,0.96164
Silicon,0.001,0.98,28.3461,2.52284
Capacitor,0.001,0.98,0.26467,0.406927
Feedline,0.001,0.98,2.60675,1.47926
Mount,0.001,0.98,27.7395,2.24043
Inductor,0.003,0.98,0.821743,0.762882
Silicon,0.003,0.98,45.0644,2.15301
Capacitor,0.003,0.98,0.279777,0.465214
Feedline,0.003,0.98,1.5694,0.963115
Mount,0.003,0.98,12.2567,2.0722
Inductor,0.005,0.98,1.3682,1.45159
Silicon,0.005,0.98,49.6786,2.35503
Capacitor,0.005,0.98,0.261246,0.465644
Feedline,0.005,0.98,1.42956,1.06018
Mount,0.005,0.98,7.25949,1.75513
Inductor,0.007,0.98,1.07999,0.908883
Silicon,0.007,0.98,52.929,2.01442
Capacitor,0.007,0.98,0.297443,0.509624
Feedline,0.007,0.98,0.887347,0.802864
Mount,0.007,0.98,4.80178,1.58572
Inductor,0.009,0.98,0.930494,1.04894
Silicon,0.009,0.98,54.7522,1.5679
Capacitor,0.009,0.98,0.200799,0.467893
Feedline,0.009,0.98,0.936205,0.972908
Mount,0.009,0.98,3.17918,1.0571
Inductor,0.011,0.98,0.732133,0.770846
Silicon,0.011,0.98,55.3866,1.64032
Capacitor,0.011,0.98,0.213458,0.393847
Feedline,0.011,0.98,1.06068,0.997037
Mount,0.011,0.98,2.60483,1.00844
Inductor,0.001,1,1.29185,1.12607
Silicon,0.001,1,28.6976,2.37478
Capacitor,0.001,1,0.349005,0.417466
Feedline,0.001,1,2.00595,1.02426
Mount,0.001,1,27.6476,2.09161
Inductor,0.003,1,0.799618,0.915119
Silicon,0.003,1,44.8358,2.14351
Capacitor,0.003,1,0.179106,0.324076
Feedline,0.003,1,1.46227,0.818432
Mount,0.003,1,12.7219,1.96097
Inductor,0.005,1,0.958187,0.837182
Silicon,0.005,1,50.6144,1.88414
Capacitor,0.005,1,0.277088,0.405157
Feedline,0.005,1,1.08891,0.831576
Mount,0.005,1,7.05595,1.65783
Inductor,0.007,1,0.991831,1.03448
Silicon,0.007,1,53.0524,1.84552
Capacitor,0.007,1,0.129986,0.277648
Feedline,0.007,1,1.21334,0.973015
Mount,0.007,1,4.61019,1.37
Inductor,0.009,1,0.838495,0.860529
Silicon,0.009,1,54.7765,1.81695
Capacitor,0.009,1,0.184139,0.408519
Feedline,0.009,1,0.846736,0.806569
Mount,0.009,1,3.3505,1.25135
Inductor,0.011,1,0.671073,0.770789
Silicon,0.011,1,55.6833,1.40273
Capacitor,0.011,1,0.19017,0.34205
Feedline,0.011,1,0.89299,0.85353
Mount,0.011,1,2.55895,0.997173
